Date,Actual Price,Predicted Price
2022-01-01,7842.5,0.0
2022-01-02,7842.5,7839.118757176613
2022-01-03,7672.1,7839.669658354418
2022-01-04,7718.7,7679.165696288926
2022-01-05,7711.2,7723.255743818961
2022-01-06,7625.9,7713.129282994006
2022-01-07,7658.7,7630.766782228957
2022-01-08,7602.9,7659.099366842246
2022-01-09,7602.9,7602.383910999092
2022-01-10,7664.4,7601.095461860985
2022-01-11,7745.8,7656.595255653843
2022-01-12,7752.8,7735.627269079372
2022-01-13,7733.7,7743.182567067453
2022-01-14,7707.9,7730.06949514012
2022-01-15,7708.6,7706.511309980336
2022-01-16,7708.6,7711.035806452073
2022-01-17,7707.9,7710.4284812998
2022-01-18,7693.2,7712.663089659981
2022-01-19,7820.0,7696.951328712543
2022-01-20,7818.5,7820.986689030988
2022-01-21,7777.0,7817.056183194866
2022-01-22,7793.7,7784.092252934157
2022-01-23,7793.7,7796.482046811827
2022-01-24,7812.7,7800.267577289493
2022-01-25,7867.4,7814.774162351086
2022-01-26,7754.3,7870.397067553647
2022-01-27,7636.6,7758.140818959037
2022-01-28,7615.1,7649.247594185943
2022-01-29,7633.5,7619.020848798806
2022-01-30,7611.8,7635.563365775254
2022-01-31,7656.9,7605.515825620813
2022-02-01,7641.4,7650.517330233285
2022-02-02,7675.7,7628.012606622503
2022-02-03,7670.1,7667.167198861628
2022-02-04,7630.8,7655.919504046457
2022-02-05,7638.0,7627.477816016327
2022-02-06,7597.8,7629.558036301137
2022-02-07,7666.9,7598.777149552769
2022-02-08,7668.9,7661.192556363983
2022-02-09,7702.6,7669.015545547762
2022-02-10,7687.2,7700.560000119163
2022-02-11,7848.1,7690.955636705739
2022-02-12,7847.5,7845.796318736469
2022-02-13,7847.5,7848.5890771752465
2022-02-14,7872.3,7854.77245924803
2022-02-15,7810.3,7879.761600545563
2022-02-16,7913.4,7823.556681093701
2022-02-17,8018.5,7922.59342466613
2022-02-18,7996.7,8022.092056638957
2022-02-19,8012.4,8004.068221759806
2022-02-20,8012.4,8020.748368388009
2022-02-21,8084.4,8020.605557469553
2022-02-22,8019.4,8090.4997256221295
2022-02-23,8050.4,8026.170876145157
2022-02-24,7992.1,8058.740226618528
2022-02-25,7983.7,7996.513204876352
2022-02-26,8015.5,7991.821717814266
2022-02-27,8015.5,8013.376295305637
2022-02-28,8043.5,8016.592715390735
2022-03-01,8298.2,8037.021333502541
2022-03-02,8258.9,8286.790982262082
2022-03-03,8282.6,8245.031818946396
2022-03-04,8408.6,8285.268499010986
2022-03-05,8498.2,8400.276660069003
2022-03-06,8498.2,8503.325992871238
2022-03-07,8562.9,8500.915743919983
2022-03-08,8748.8,8580.64181195642
2022-03-09,8548.6,8753.344911884222
2022-03-10,8593.6,8575.813538137489
2022-03-11,8543.7,8617.094317888756
2022-03-12,8553.6,8568.760111659552
2022-03-13,8553.6,8574.232933771302
2022-03-14,8416.7,8568.313938156765
2022-03-15,8257.9,8430.931105312551
2022-03-16,8331.3,8271.35024057849
2022-03-17,8370.8,8330.71398286981
2022-03-18,8280.5,8356.9545549609
2022-03-19,8287.8,8266.508212711115
2022-03-20,8348.7,8268.750249840532
2022-03-21,8444.1,8324.54103806546
2022-03-22,8388.6,8417.144924157661
2022-03-23,8501.6,8368.072031425789
2022-03-24,8582.2,8485.592471356551
2022-03-25,8546.0,8566.359298012996
2022-03-26,8558.8,8545.60954093354
2022-03-27,8616.9,8563.438621570316
2022-03-28,8423.0,8628.431716439
2022-03-29,8421.5,8443.386656327368
2022-03-30,8498.0,8449.312941918652
2022-03-31,8529.8,8510.83405938694
2022-04-01,8520.9,8545.461123341085
2022-04-02,8564.2,8526.71951833675
2022-04-03,8564.2,8572.777753407523
2022-04-04,8539.4,8561.852854951014
2022-04-05,8490.5,8544.445684041773
2022-04-06,8600.0,8487.037492465679
2022-04-07,8653.9,8598.620818366066
2022-04-08,8734.5,8639.179452205646
2022-04-09,8734.6,8729.71458225525
2022-04-10,8734.6,8722.248279170091
2022-04-11,8602.8,8739.08861015097
2022-04-12,8626.2,8603.770833977054
2022-04-13,8646.3,8641.536454694797
2022-04-14,8606.0,8644.51803780152
2022-04-15,8641.5,8620.415342054308
2022-04-16,8641.5,8638.707031138401
2022-04-17,8641.5,8650.420890328909
2022-04-18,8653.1,8636.407069236295
2022-04-19,8525.4,8659.092880249063
2022-04-20,8746.4,8522.32857920155
2022-04-21,8789.5,8747.972093683953
2022-04-22,8723.4,8770.154867222423
2022-04-23,8684.8,8730.760422164436
2022-04-24,8684.8,8676.950274606264
2022-04-25,8542.2,8696.969697482466
2022-04-26,8507.7,8540.43846365623
2022-04-27,8447.8,8526.198403187842
2022-04-28,8482.9,8442.095848936986
2022-04-29,8478.4,8493.305894388759
2022-04-30,8482.2,8461.30572754306
2022-05-01,8482.2,8485.723508360647
2022-05-02,8326.6,8460.66001252532
2022-05-03,8347.1,8333.264333063618
2022-05-04,8427.3,8330.779265694133
2022-05-05,8395.1,8424.39081052371
2022-05-06,8415.2,8374.72016424403
2022-05-07,8418.6,8416.197049963308
2022-05-08,8460.5,8400.97521974119
2022-05-09,8374.8,8464.946402102942
2022-05-10,8346.6,8364.478733129627
2022-05-11,8469.9,8362.203045437263
2022-05-12,8332.6,8458.569655848036
2022-05-13,8354.1,8347.998184300115
2022-05-14,8364.2,8352.296297663353
2022-05-15,8416.6,8375.330913492418
2022-05-16,8484.1,8410.31863643687
2022-05-17,8553.2,8488.668767269866
2022-05-18,8556.2,8542.660260887573
2022-05-19,8872.2,8561.696215766635
2022-05-20,8904.8,8857.33198502513
2022-05-21,8911.8,8903.323735102504
2022-05-22,8911.8,8915.50608465556
2022-05-23,8970.2,8927.957374338574
2022-05-24,9013.0,8985.459641042198
2022-05-25,8955.0,9033.836389738923
2022-05-26,9023.6,8976.826874008748
2022-05-27,8930.3,9047.324918744693
2022-05-28,8930.2,8948.713666068443
2022-05-29,8930.2,8953.051247907533
2022-05-30,8872.3,8937.359192163338
2022-05-31,8824.9,8884.760705372588
2022-06-01,8830.8,8823.917703384659
2022-06-02,8895.6,8831.200588905209
2022-06-03,8803.1,8878.923698917573
2022-06-04,8830.4,8794.6494213109
2022-06-05,8830.4,8813.512837078719
2022-06-06,8844.2,8816.890914282063
2022-06-07,8899.2,8827.482817557824
2022-06-08,8929.8,8886.511964018844
2022-06-09,8987.1,8915.966143352036
2022-06-10,9105.1,8980.98167305992
2022-06-11,9100.7,9096.32903358998
2022-06-12,9177.3,9103.332796236347
2022-06-13,8944.2,9182.629618731984
2022-06-14,8971.9,8964.827704480129
2022-06-15,9139.6,8996.956888828272
2022-06-16,9277.9,9149.375924327389
2022-06-17,9067.0,9286.165605773627
2022-06-18,9286.3,9079.403953465784
2022-06-19,9286.3,9299.546975515275
2022-06-20,9306.8,9282.9487306245
2022-06-21,9263.5,9321.1444099857
2022-06-22,9361.8,9261.676384526007
2022-06-23,9238.4,9374.505905076518
2022-06-24,9159.9,9234.61849471415
2022-06-25,9167.9,9180.947452573817
2022-06-26,9167.9,9161.341431478091
2022-06-27,9120.8,9178.968945385524
2022-06-28,9096.2,9108.078394338861
2022-06-29,9060.0,9103.158437483782
2022-06-30,8979.6,9042.779169525229
2022-07-01,8899.6,8984.616696806484
2022-07-02,8920.3,8883.153962019756
2022-07-03,8920.3,8920.759229443676
2022-07-04,8906.9,8895.774786281849
2022-07-05,8720.6,8904.37020656715
2022-07-06,8703.7,8703.00101386074
2022-07-07,8692.5,8709.860200410627
2022-07-08,8662.1,8670.469717658616
2022-07-09,8656.6,8665.421982132342
2022-07-10,8656.6,8634.050186689372
2022-07-11,8634.9,8658.59107707958
2022-07-12,8611.7,8613.919501758686
2022-07-13,8645.1,8617.309773955805
2022-07-14,8626.2,8626.501962592187
2022-07-15,8657.3,8633.152944857913
2022-07-16,8650.8,8642.918911758645
2022-07-17,8650.8,8660.07565936327
2022-07-18,8864.2,8641.596248036374
2022-07-19,9122.2,8869.622141844206
2022-07-20,9183.6,9099.507125350234
2022-07-21,9383.3,9189.968001508823
2022-07-22,9483.6,9374.919687126228
2022-07-23,9453.3,9500.907783253515
2022-07-24,9453.3,9468.398652794944
2022-07-25,9510.4,9494.751162796176
2022-07-26,9628.4,9536.672652944733
2022-07-27,9848.6,9668.057415820682
2022-07-28,10156.4,9863.104618418736
2022-07-29,10147.7,10176.857227197683
2022-07-30,10168.7,10156.687599353749
2022-07-31,10168.7,10203.640578982066
2022-08-01,10179.1,10185.332575609611
2022-08-02,10115.1,10216.520418705762
2022-08-03,9931.8,10131.329444853642
2022-08-04,9694.8,9971.260978596816
2022-08-05,9584.3,9713.258365926902
2022-08-06,9606.2,9612.542865900581
2022-08-07,9606.2,9594.165161052659
2022-08-08,9662.6,9598.579886961055
2022-08-09,9693.6,9622.345593017415
2022-08-10,9674.5,9664.721905126553
2022-08-11,9447.5,9627.62623334135
2022-08-12,9474.1,9429.968632063032
2022-08-13,9481.6,9442.946435280057
2022-08-14,9481.6,9464.132080229878
2022-08-15,9179.0,9457.076843509376
2022-08-16,9138.1,9181.676078089176
2022-08-17,9130.6,9137.11904085723
2022-08-18,9109.7,9131.023746520774
2022-08-19,9035.7,9104.711385786597
2022-08-20,9084.2,9035.30368524694
2022-08-21,9084.2,9076.622922051052
2022-08-22,8976.9,9076.348171353515
2022-08-23,9132.2,8971.781842488299
2022-08-24,9163.0,9123.33457129896
2022-08-25,9190.1,9147.812394540988
2022-08-26,9181.6,9185.13796854841
2022-08-27,9187.7,9173.97486768256
2022-08-28,9263.8,9191.980896823788
2022-08-29,9230.1,9261.07925608921
2022-08-30,9137.7,9239.049435712423
2022-08-31,9007.4,9147.584471284075
2022-09-01,8983.1,9027.995228770562
2022-09-02,9029.1,8995.368336470428
2022-09-03,9038.0,9037.603104363056
2022-09-04,9038.0,9035.727420560619
2022-09-05,9026.8,9036.957329988873
2022-09-06,9061.8,9017.966579571807
2022-09-07,9232.2,9054.978453536387
2022-09-08,9183.2,9213.032842735034
2022-09-09,9316.7,9172.552173508562
2022-09-10,9357.6,9305.651723047324
2022-09-11,9357.6,9349.37484859428
2022-09-12,9565.0,9359.787714534847
2022-09-13,9499.1,9564.39872551184
2022-09-14,9565.6,9507.673789395112
2022-09-15,9386.3,9583.332814247091
2022-09-16,9547.7,9408.52101369549
2022-09-17,9553.8,9574.278090539203
2022-09-18,8949.5,9564.040947751595
2022-09-19,9551.0,8994.984488473558
2022-09-20,9590.7,9558.162217371719
2022-09-21,9670.3,9576.536839645354
2022-09-22,9648.9,9669.267739579742
2022-09-23,9490.7,9632.444277413197
2022-09-24,9528.4,9500.558460946892
2022-09-25,9528.4,9520.738527532925
2022-09-26,9376.2,9533.049426870291
2022-09-27,9281.1,9372.703540503222
2022-09-28,9360.3,9293.685936697924
2022-09-29,9274.1,9349.880952569292
2022-09-30,9125.6,9275.520389673675
2022-10-01,9127.7,9118.69616934306
2022-10-02,9127.7,9127.4202271629
2022-10-03,9338.4,9109.233307800063
2022-10-04,9354.8,9322.831632563904
2022-10-05,9223.7,9324.203007328533
2022-10-06,9204.1,9221.820249655293
2022-10-07,9102.0,9191.509460544185
2022-10-08,9099.5,9110.25298116632
2022-10-09,9099.5,9095.735336944155
2022-10-10,8860.4,9106.97208644405
2022-10-11,8710.4,8863.867599433006
2022-10-12,8786.5,8730.260944237161
2022-10-13,8730.6,8779.69948092871
2022-10-14,8634.1,8730.412231151415
2022-10-15,8635.1,8620.856780584729
2022-10-16,8635.1,8627.345662571863
2022-10-17,8701.9,8610.496284439503
2022-10-18,8737.9,8685.14666266069
2022-10-19,8660.2,8707.868980054252
2022-10-20,8649.5,8650.196171157244
2022-10-21,8809.1,8632.86413562745
2022-10-22,8708.5,8801.453801694608
2022-10-23,8708.5,8697.321615899755
2022-10-24,8738.9,8719.74081579454
2022-10-25,8757.0,8735.373739616676
2022-10-26,8794.6,8772.701788507375
2022-10-27,8853.4,8794.7863211518
2022-10-28,8763.6,8869.396322391645
2022-10-29,8768.2,8768.112534406067
2022-10-30,8768.2,8790.734964475414
2022-10-31,8667.2,8769.357001338713
2022-11-01,8743.4,8688.191110914437
2022-11-02,8688.7,8739.98220336751
2022-11-03,8696.6,8697.554525828153
2022-11-04,8958.8,8688.693257952258
2022-11-05,8963.5,8950.45076492505
2022-11-06,8816.0,8940.66647349163
2022-11-07,8937.6,8822.117843152771
2022-11-08,9128.8,8926.443364340907
2022-11-09,9102.6,9126.185294747802
2022-11-10,9347.9,9093.587794221561
2022-11-11,9420.7,9353.904538724055
2022-11-12,9366.5,9412.594904285594
2022-11-13,9366.5,9392.364781896948
2022-11-14,9471.9,9379.756538187616
2022-11-15,9496.2,9504.09590795161
2022-11-16,9497.8,9509.050244298225
2022-11-17,9437.1,9532.639158045124
2022-11-18,9366.6,9452.039313558571
2022-11-19,9371.3,9401.380466477573
2022-11-20,9371.3,9378.072860349304
2022-11-21,9393.3,9389.763132364053
2022-11-22,9360.6,9384.025962788743
2022-11-23,9423.8,9365.29993705745
2022-11-24,9494.7,9403.542357174927
2022-11-25,9439.9,9485.80018986504
2022-11-26,9439.9,9417.060231863712
2022-11-27,9439.9,9437.242735749194
2022-11-28,9387.9,9420.9174327539
2022-11-29,9434.3,9391.905511985755
2022-11-30,9533.2,9421.553684691988
2022-12-01,9703.0,9535.213699301587
2022-12-02,9685.0,9686.482190136901
2022-12-03,9709.2,9691.104687802284
2022-12-04,9709.2,9709.2663005808
2022-12-05,9544.7,9726.83992566365
2022-12-06,9582.3,9560.462532775353
2022-12-07,9676.3,9610.189559108023
2022-12-08,9679.0,9681.130930888552
2022-12-09,9730.9,9696.158511217092
2022-12-10,9729.2,9730.140140685411
2022-12-11,9729.2,9739.642519239416
2022-12-12,9636.9,9726.015076738027
2022-12-13,9808.7,9647.454323226428
2022-12-14,9774.9,9800.193703794754
2022-12-15,9637.1,9773.209801770741
2022-12-16,9717.1,9637.159474498823
2022-12-17,9738.3,9718.813576826322
2022-12-18,9738.3,9729.426059773426
2022-12-19,9681.7,9738.72981603269
2022-12-20,9844.6,9676.200476091497
2022-12-21,9845.3,9843.151768606067
2022-12-22,9741.3,9833.187757496475
2022-12-23,9754.7,9750.932443605892
2022-12-24,9763.6,9753.013490467714
2022-12-25,9763.6,9772.87706711601
2022-12-26,9777.6,9762.024035561077
2022-12-27,9876.9,9786.239779897627
2022-12-28,9837.9,9870.797654141576
2022-12-29,9907.6,9843.681418172158
2022-12-30,9946.4,9904.657768654275
2022-12-31,9948.0,9949.51361514759
2023-01-01,9948.0,9947.62836336868
2023-01-02,9955.6,9955.768271534174
2023-01-03,10048.9,9958.422822343953
2023-01-04,10118.5,10054.989915349355
2023-01-05,10014.3,10116.442481958815
2023-01-06,10226.5,10025.571279254937
2023-01-07,10208.9,10226.998542070369
2023-01-08,10208.9,10211.907709728952
2023-01-09,10263.8,10218.026012633334
2023-01-10,10321.3,10269.798334225892
2023-01-11,10321.3,10328.96539709778
2023-01-12,10436.1,10328.343148767219
2023-01-13,10582.2,10443.56715759561
2023-01-14,10542.8,10581.63880126693
2023-01-15,10542.8,10551.543144533865
2023-01-16,10560.5,10553.837865172434
2023-01-17,10513.7,10573.604638295275
2023-01-18,10483.7,10527.6218248722
2023-01-19,10657.0,10499.526099748045
2023-01-20,10676.6,10661.409947912663
2023-01-21,10658.7,10677.912709474667
2023-01-22,10658.7,10663.637964024761
2023-01-23,10636.9,10661.560012416836
2023-01-24,10801.6,10641.803453820507
2023-01-25,10792.3,10798.32619445755
2023-01-26,10721.6,10788.931014888558
2023-01-27,11645.1,10726.67876094563
2023-01-28,11634.9,11617.016572192166
2023-01-29,11634.9,11607.148764096724
2023-01-30,12045.5,11652.625264685139
2023-01-31,12443.3,12042.70696513724
2023-02-01,12520.8,12462.38501751916
2023-02-02,12448.7,12541.700136511741
2023-02-03,12137.1,12514.779522254075
2023-02-04,12134.6,12206.96441796182
2023-02-05,12134.6,12226.7826915946
2023-02-06,12363.8,12188.860530468011
2023-02-07,12446.8,12420.90790092704
2023-02-08,12392.6,12456.74594679285
2023-02-09,12189.6,12423.817240826285
2023-02-10,12185.9,12188.261714007482
2023-02-11,12094.2,12202.535441583477
2023-02-12,12093.5,12067.951198434435
2023-02-13,11903.3,12090.18960075915
2023-02-14,11949.9,11863.40348044746
2023-02-15,11720.7,11938.735423010776
2023-02-16,11713.5,11672.905819881562
2023-02-17,11696.8,11706.391483422873
2023-02-18,11665.5,11641.940036145463
2023-02-19,11551.4,11658.019766966616
2023-02-20,11602.0,11505.786559392749
2023-02-21,11609.4,11603.422876137447
2023-02-22,11490.0,11566.951997714523
2023-02-23,11456.6,11504.733748977826
2023-02-24,11353.6,11431.632075385984
2023-02-25,11344.2,11378.133134123693
2023-02-26,11239.0,11327.183021154975
2023-02-27,11373.4,11264.81278248273
2023-02-28,11519.6,11353.151582243101
2023-03-01,11596.4,11527.331801577066
2023-03-02,11556.4,11568.623152053346
2023-03-03,12452.6,11570.43023149446
2023-03-04,12465.0,12407.392948116165
2023-03-05,12458.2,12454.261003632386
2023-03-06,12250.0,12464.13824384196
2023-03-07,12043.5,12290.577019454882
2023-03-08,12165.3,12097.0205267597
2023-03-09,12262.0,12219.546459530826
2023-03-10,12592.2,12297.361849596133
2023-03-11,12557.2,12619.52860067027
2023-03-12,12555.6,12569.437426848748
2023-03-13,12920.3,12584.494012684496
2023-03-14,12911.7,12915.328034183447
2023-03-15,12996.2,12920.136717559231
2023-03-16,13047.7,12998.158544639451
2023-03-17,13411.5,13057.604048540908
2023-03-18,13303.2,13406.979120120941
2023-03-19,13297.6,13310.932819567008
2023-03-20,13429.0,13319.181298898551
2023-03-21,13149.5,13443.57009950981
2023-03-22,13446.0,13181.215983186186
2023-03-23,13592.2,13467.273259769996
2023-03-24,13470.9,13596.020690932886
2023-03-25,13486.5,13490.92507138778
2023-03-26,13488.0,13498.786912893409
2023-03-27,13341.8,13502.842365719363
2023-03-28,13455.4,13353.493500320057
2023-03-29,13400.1,13464.902363410089
2023-03-30,13527.5,13395.43318456773
2023-03-31,13460.6,13527.236080656287
2023-04-01,13456.4,13445.350095491132
2023-04-02,13456.7,13458.647584093687
2023-04-03,13622.3,13440.159657796312
2023-04-04,13968.6,13618.45128633303
2023-04-05,14026.6,13935.642116947343
2023-04-06,13902.0,14018.77101246068
2023-04-07,13728.1,13899.0790473346
2023-04-08,13728.1,13757.70987511901
2023-04-09,13489.3,13746.94948811093
2023-04-10,13487.6,13527.762197864617
2023-04-11,13904.6,13511.295455608008
2023-04-12,13966.2,13909.311925583794
2023-04-13,13992.6,13952.648746286788
2023-04-14,13734.5,13996.000657633616
2023-04-15,13498.7,13734.21426945414
2023-04-16,13499.1,13525.286783071653
2023-04-17,13670.0,13499.462412606774
2023-04-18,13698.1,13670.993907248194
2023-04-19,13472.1,13674.511400693009
2023-04-20,13680.0,13474.854429948318
2023-04-21,13530.7,13657.39415387401
2023-04-22,13533.3,13522.11276601622
2023-04-23,13533.3,13521.022963465126
2023-04-24,13570.2,13524.131711151274
2023-04-25,13628.6,13558.38440888244
2023-04-26,13580.8,13619.324773216546
2023-04-27,13582.1,13574.65270818903
2023-04-28,13581.3,13583.707927962856
2023-04-29,13589.7,13581.247398425121
2023-04-30,13592.5,13596.010265294413
2023-05-01,13529.0,13595.659566474249
2023-05-02,13785.6,13539.819634983873
2023-05-03,13900.8,13783.39399596333
2023-05-04,14007.8,13895.034613251984
2023-05-05,13791.4,14006.557791648349
2023-05-06,13782.3,13802.000275329938
2023-05-07,13781.8,13804.280014399963
2023-05-08,13802.8,13793.114453855691
2023-05-09,13935.7,13820.750265754874
2023-05-10,13909.8,13936.320631658626
2023-05-11,13968.3,13917.997721001226
2023-05-12,14313.0,13968.168861691916
2023-05-13,14316.6,14305.399465262779
2023-05-14,13765.9,14304.752605233189
2023-05-15,13831.4,13794.437868786394
2023-05-16,13506.0,13852.133785424054
2023-05-17,13604.9,13526.991273037902
2023-05-18,13463.8,13620.141270071248
2023-05-19,13596.6,13456.78074389246
2023-05-20,13565.4,13591.513132041579
2023-05-21,13569.5,13532.060033123133
2023-05-22,13609.4,13555.4767629896
2023-05-23,13628.7,13569.625722609506
2023-05-24,13537.7,13613.0329056087
2023-05-25,13359.7,13507.93431158432
2023-05-26,13379.2,13364.637511318208
2023-05-27,13375.7,13363.818996760228
2023-05-28,13379.9,13380.012929344062
2023-05-29,13345.4,13366.69642226071
2023-05-30,13484.4,13352.896219401278
2023-05-31,13494.0,13470.620462247362
2023-06-01,13582.6,13496.988923058609
2023-06-02,13401.0,13573.456297666471
2023-06-03,13446.6,13414.246315587421
2023-06-04,13446.6,13452.717311037395
2023-06-05,13518.4,13456.828774013215
2023-06-06,13542.1,13521.483362931447
2023-06-07,13398.7,13546.952982579392
2023-06-08,13587.6,13406.58751856452
2023-06-09,13544.0,13591.991829405923
2023-06-10,13542.5,13539.44232238833
2023-06-11,13543.7,13550.765404126976
2023-06-12,13528.4,13539.02428904945
2023-06-13,13452.4,13536.404293932786
2023-06-14,13457.6,13450.277186940451
2023-06-15,13554.6,13466.435461659054
2023-06-16,13537.8,13543.79579337729
2023-06-17,13547.4,13539.264373303793
2023-06-18,13507.3,13538.516694963158
2023-06-19,13499.1,13510.893998954394
2023-06-20,13402.2,13494.07269868459
2023-06-21,13379.5,13409.42196882769
2023-06-22,13212.2,13378.624662381486
2023-06-23,13242.3,13220.974065737504
2023-06-24,13239.9,13241.092654512642
2023-06-25,13166.6,13235.021223229029
2023-06-26,13265.1,13159.29451432183
2023-06-27,13198.8,13253.387513561158
2023-06-28,13173.2,13183.409293023007
2023-06-29,13157.4,13165.943718463692
2023-06-30,13238.0,13143.84662449857
2023-07-01,13242.1,13229.565839372532
2023-07-02,13159.5,13227.588847103221
2023-07-03,13251.7,13160.969750311002
2023-07-04,13264.7,13244.839311437694
2023-07-05,12797.1,13265.451240538689
2023-07-06,12740.9,12813.014196472692
2023-07-07,12881.0,12766.732887526001
2023-07-08,12625.2,12875.48887779417
2023-07-09,12625.2,12634.090857758652
2023-07-10,12956.8,12618.356477335905
2023-07-11,12984.4,12933.94967025194
2023-07-12,12946.1,12949.462218988589
2023-07-13,13013.6,12930.396728260817
2023-07-14,13059.7,12989.663914179757
2023-07-15,12866.9,13051.553093258954
2023-07-16,12866.9,12863.578868488614
2023-07-17,12985.9,12882.262326095222
2023-07-18,13378.1,12983.093154237824
2023-07-19,13520.6,13377.812138712497
2023-07-20,13514.3,13505.183205817431
2023-07-21,13511.4,13532.351668698808
2023-07-22,13534.9,13522.212066610391
2023-07-23,13534.9,13570.714445124564
2023-07-24,13484.9,13556.213488671894
2023-07-25,13634.1,13527.384349529959
2023-07-26,13657.6,13650.879434899023
2023-07-27,13447.6,13684.503986697853
2023-07-28,13505.7,13465.569187792938
2023-07-29,13457.9,13531.099788486556
2023-07-30,13457.9,13456.436736983438
2023-07-31,13576.9,13469.219660602055
2023-08-01,13437.7,13555.491214522137
2023-08-02,13297.5,13436.398742694313
2023-08-03,13321.3,13282.958226872097
2023-08-04,13254.2,13317.222137780192
2023-08-05,13263.6,13231.014492481348
2023-08-06,13263.6,13256.565869053617
2023-08-07,13219.2,13235.997618381594
2023-08-08,13343.4,13213.500150755297
2023-08-09,13255.5,13316.525925057695
2023-08-10,13247.7,13251.538320195681
2023-08-11,13287.7,13235.7542274413
2023-08-12,13323.0,13289.685188355452
2023-08-13,13323.0,13314.986088421145
2023-08-14,13231.1,13331.213253747366
2023-08-15,13202.8,13234.279088281073
2023-08-16,13381.2,13221.033386036377
2023-08-17,13417.5,13378.4247392743
2023-08-18,13417.3,13423.936737373408
2023-08-19,13474.7,13417.328525294137
2023-08-20,13474.7,13483.457723477142
2023-08-21,13518.5,13475.440487662572
2023-08-22,13592.1,13529.549866692329
2023-08-23,13727.7,13590.907283412165
2023-08-24,13823.9,13733.87603302509
2023-08-25,13918.8,13819.135664003004
2023-08-26,13919.2,13927.458457580347
2023-08-27,13981.8,13922.520310096854
2023-08-28,14032.2,14000.800693453286
2023-08-29,14190.0,14040.047908383167
2023-08-30,14256.6,14208.80289681899
2023-08-31,14168.2,14261.937614139142
2023-09-01,14309.1,14196.442690372358
2023-09-02,14302.2,14320.547693177854
2023-09-03,14302.2,14323.95229893066
2023-09-04,14310.3,14315.833585056005
2023-09-05,14288.0,14329.698754499903
2023-09-06,14191.4,14297.451668278974
2023-09-07,14092.2,14208.629488342543
2023-09-08,14090.2,14100.253413799623
2023-09-09,14200.2,14097.722904471882
2023-09-10,14139.8,14187.72267805033
2023-09-11,13931.6,14131.220240676977
2023-09-12,13863.0,13923.554974283588
2023-09-13,13569.8,13859.56320235085
2023-09-14,13696.5,13562.574962237853
2023-09-15,13748.7,13688.112479455978
2023-09-16,13727.0,13714.209065961777
2023-09-17,13727.0,13708.96429279245
2023-09-18,13787.5,13693.649010301273
2023-09-19,13776.5,13771.159078910972
2023-09-20,13709.8,13749.200166706189
2023-09-21,13541.5,13709.108533501725
2023-09-22,13579.1,13535.845626673676
2023-09-23,13578.8,13592.31097831981
2023-09-24,13313.4,13571.62167468167
2023-09-25,13398.3,13336.281281795891
2023-09-26,13304.2,13397.91028015038
2023-09-27,13134.3,13313.134268019407
2023-09-28,12934.0,13134.696101913425
2023-09-29,12802.4,12944.176559804171
2023-09-30,12879.1,12797.011158332167
2023-10-01,12879.1,12867.682519901238
2023-10-02,12633.3,12846.796383560459
2023-10-03,12552.6,12617.211528520533
2023-10-04,12492.7,12526.291318930122
2023-10-05,12431.6,12470.052105417006
2023-10-06,12500.3,12401.134129709893
2023-10-07,12255.3,12472.750150963995
2023-10-08,12255.3,12229.361553049568
2023-10-09,12616.2,12243.853495325724
2023-10-10,12414.4,12576.943416858849
2023-10-11,12610.2,12399.43446022454
2023-10-12,12530.6,12595.190230203767
2023-10-13,12886.8,12524.502449658521
2023-10-14,12917.3,12884.197046076291
2023-10-15,12917.3,12912.010124500446
2023-10-16,12832.3,12941.915705653619
2023-10-17,12809.6,12853.542180062808
2023-10-18,12963.8,12853.59079804351
2023-10-19,13242.4,12984.27147037702
2023-10-20,13277.8,13266.714442087501
2023-10-21,13119.2,13285.326051541088
2023-10-22,13119.2,13155.111070096811
2023-10-23,13229.6,13137.04388684966
2023-10-24,13274.7,13253.394530980779
2023-10-25,13356.5,13276.171005197572
2023-10-26,13387.1,13368.853850677675
2023-10-27,13414.7,13379.480432762703
2023-10-28,13377.1,13423.4753599927
2023-10-29,13377.1,13369.973928881762
2023-10-30,13314.2,13388.235388764713
2023-10-31,13433.2,13308.394669487323
2023-11-01,13444.5,13441.166080567416
2023-11-02,13503.4,13429.954854936383
2023-11-03,13540.0,13510.914326907956
2023-11-04,13356.5,13525.13155316018
2023-11-05,13356.5,13374.268566292829
2023-11-06,13561.1,13354.94838046632
2023-11-07,13497.7,13567.592207981297
2023-11-08,13458.8,13486.669948968945
2023-11-09,13535.9,13474.49850866445
2023-11-10,13206.4,13525.65334588146
2023-11-11,13162.9,13229.4599874435
2023-11-12,13162.9,13168.558538770962
2023-11-13,13304.2,13172.43138079016
2023-11-14,13595.8,13289.271542274104
2023-11-15,13620.5,13576.920522457005
2023-11-16,13770.3,13591.709025368933
2023-11-17,13739.6,13760.140114767955
2023-11-18,13596.1,13723.362979127152
2023-11-19,13596.1,13614.88583066917
2023-11-20,13449.7,13603.439454106605
2023-11-21,13758.7,13479.933395785109
2023-11-22,13653.7,13763.35976381246
2023-11-23,13541.8,13667.89217967077
2023-11-24,13773.4,13559.152686838186
2023-11-25,13547.6,13780.737972926845
2023-11-26,13547.6,13554.090160193162
2023-11-27,13668.7,13563.849460005253
2023-11-28,14042.2,13659.947598543698
2023-11-29,14071.3,14030.676051122673
2023-11-30,13970.2,14045.569010479092
2023-12-01,14208.6,13978.351336470743
2023-12-02,14052.9,14196.38073026854
2023-12-03,14052.9,14067.85977153006
2023-12-04,13750.4,14065.608968437748
2023-12-05,13852.4,13782.410404039227
2023-12-06,13881.3,13874.970758601123
2023-12-07,13892.4,13892.127892492592
2023-12-08,13686.0,13900.9509977852
2023-12-09,13706.2,13692.465179155712
2023-12-10,13706.2,13711.845100352724
2023-12-11,13555.2,13693.769312795084
2023-12-12,13538.1,13552.106146316273
2023-12-13,13776.4,13522.056737783823
2023-12-14,13886.5,13752.723313621527
2023-12-15,13772.9,13849.517698259626
2023-12-16,13678.9,13757.474935033368
2023-12-17,13678.9,13666.367798466712
2023-12-18,13643.9,13678.946706490193
2023-12-19,13911.5,13639.87673973693
2023-12-20,13820.1,13910.068231675456
2023-12-21,13930.7,13813.358754342595
2023-12-22,13810.9,13944.420483151991
2023-12-23,13788.4,13812.791442058993
2023-12-24,13788.4,13817.703203351972
2023-12-25,13815.0,13792.29510871001
2023-12-26,13881.8,13839.900866432976
2023-12-27,14123.5,13877.246190056861
2023-12-28,13937.6,14132.009331593243
2023-12-29,13843.1,13928.249693223885
2023-12-30,13817.6,13870.178725051614
2023-12-31,13842.9,13810.845233585333
2024-01-01,13855.5,13862.091806445556
2024-01-02,13821.3,13845.351947207422
2024-01-03,13842.5,13857.617379597928
2024-01-04,13867.3,13837.221040715594
2024-01-05,13870.2,13845.944885058172
2024-01-06,13863.5,13825.01001392063
2024-01-07,13637.4,13832.992909188319
2024-01-08,13739.4,13813.728129719042
2024-01-09,13744.2,13822.673285988116
2024-01-10,13716.5,13806.135293769503
2024-01-11,13717.7,13816.635022064656
2024-01-12,13825.2,13802.89361884009
2024-01-13,13657.7,13814.720337575556
2024-01-14,13657.7,13803.224290383976
2024-01-15,13851.0,13815.726340897463
2024-01-16,13703.1,13805.691440166116
2024-01-17,13515.7,13818.145275182818
2024-01-18,13613.7,13808.851097308981
2024-01-19,13683.9,13820.6922655891
2024-01-20,13687.4,13811.643949027499
2024-01-21,13687.4,13822.562865736963
2024-01-22,13603.2,13813.528003228515
2024-01-23,13664.5,13823.458532162462
2024-01-24,13569.1,13814.418934438008
2024-01-25,13606.8,13823.46555185734
2024-01-26,13582.1,13814.530765494586
2024-01-27,13597.4,13822.878413291475
2024-01-28,13597.4,13814.199523549303
2024-01-29,13673.6,13822.037365847626
2024-01-30,13700.7,13813.74419897691
2024-01-31,13682.5,13821.218319368081
2024-02-01,13833.2,13813.387647567224
2024-02-02,13718.8,13820.58393313286
2024-02-03,13733.6,13813.234899318646
2024-02-04,13733.6,13820.184721171496
2024-02-05,13634.3,13813.291867808228
2024-02-06,13709.8,13819.98996263029
2024-02-07,13694.4,13813.503330972795
2024-02-08,13672.2,13819.928215911987
2024-02-09,13615.6,13813.792269855941
2024-02-10,13477.4,13819.92268844289
2024-02-11,13477.4,13814.08941755132
2024-02-12,13583.9,13819.913972735278
2024-02-13,13401.2,13814.34894855175
2024-02-14,13399.2,13819.869047725859
2024-02-15,13489.1,13814.551596135665
2024-02-16,13537.9,13819.779586194858
2024-02-17,13536.7,13814.699362702167
2024-02-18,13536.7,13819.654281985046
2024-02-19,13448.1,13814.80659668205
2024-02-20,13622.7,13819.509646600365
2024-02-21,13648.1,13814.891288849127
2024-02-22,13623.3,13819.362365989622
2024-02-23,13720.1,13814.968847766762
2024-02-24,13682.1,13819.224657100644
2024-02-25,13678.6,13815.049045949636
2024-02-26,13651.9,13819.102681794287
2024-02-27,13658.2,13815.135698014312
2024-02-28,13636.7,13818.997228394881
2024-02-29,13749.6,13815.228070092819
2024-03-01,14011.1,13818.905574122738
2024-03-02,13960.6,13815.322951370592
2024-03-03,13960.6,13818.823555914707
2024-03-04,14234.7,13815.416565720005
2024-03-05,14325.2,13818.747208133893
2024-03-06,14430.0,13815.505871783227
2024-03-07,14530.2,13818.673697861266
2024-03-08,14642.0,13815.589144564268
2024-03-09,14619.7,13818.601585089544
2024-03-10,14619.7,13815.665967894653
2024-03-11,14663.3,13818.530606304446
2024-03-12,14492.2,13815.73687448044
2024-03-13,14603.7,13818.461229437191
2024-03-14,14527.9,13815.802871018966
2024-03-15,14490.2,13818.394191096728
2024-03-16,14506.5,13815.8650223069
2024-03-17,14506.5,13818.330147805435
2024-03-18,14539.7,13815.924183105893
2024-03-19,14479.2,13818.269489784332
2024-03-20,14647.2,13815.980891344578
2024-03-21,14618.5,13818.21230268132
2024-03-22,14506.4,13816.03538732136
2024-03-23,14485.8,13818.158428564419
2024-03-24,14489.9,13816.087703660553
2024-03-25,14550.3,13818.107570120847
2024-03-26,14581.3,13816.137773687216
2024-03-27,14693.1,13818.059392675865
2024-03-28,14951.3,13816.185521751182
2024-03-29,14948.9,13818.013597306992
2024-03-30,14931.9,13816.230918413328
2024-03-31,14955.9,13817.969956766938
2024-04-01,15062.1,13816.273999680647
2024-04-02,15271.1,13817.92831925999
2024-04-03,15388.2,13816.3148594907
2024-04-04,15327.6,13817.88859177988
2024-04-05,15553.3,13816.353628192499
2024-04-06,15568.1,13817.85071557048
2024-04-07,15463.1,13816.390448468477
2024-04-08,15640.1,13817.814643397
2024-04-09,15736.8,13816.425456272435
2024-04-10,15636.5,13817.780323973402
2024-04-11,15892.1,13816.458769987004
2024-04-12,15677.7,13817.74769483689
2024-04-13,15651.4,13816.490487509447
2024-04-14,15745.2,13817.716682171555
2024-04-15,15964.5,13816.520688949895
2024-04-16,15993.4,13817.687204808613
2024-04-17,15838.4,13816.549442032176
2024-04-18,15952.6,13817.659179610906
2024-04-19,16033.3,13816.576807714577
2024-04-20,15994.3,13817.63252619024
2024-04-21,15959.2,13816.602844474577
2024-04-22,15622.1,13817.60716990517
2024-04-23,15573.4,13816.627610679041
2024-04-24,15543.3,13817.583042971684
2024-04-25,15644.9,13816.651165205709
2024-04-26,15653.0,13817.560084096947
2024-04-27,15662.6,13816.673566885262
2024-04-28,15692.4,13817.538237283234
2024-04-29,15636.8,13816.69487342263
2024-04-30,15365.9,13817.517450417216
2024-05-01,15566.9,13816.715140332508
2024-05-02,15444.5,13817.497674074582
2024-05-03,15437.4,13816.734420205454
2024-05-04,15433.2,13817.478860742462
2024-05-05,15387.9,13816.752762404127
2024-05-06,15586.0,13817.460964470487
2024-05-07,15502.7,13816.770213131986
2024-05-08,15466.8,13817.443940843075
2024-05-09,15739.5,13816.786815737769
2024-05-10,15807.9,13817.427747123113
2024-05-11,15794.3,13816.802611108438
2024-05-12,15821.9,13817.412342432117
2024-05-13,15657.8,13816.817638036682
2024-05-14,15784.3,13817.397687877172
2024-05-15,16001.8,13816.831933499938
2024-05-16,15955.0,13817.38374658631
2024-05-17,16210.9,13816.845532835609
2024-05-18,16107.9,13817.370483655191
2024-05-19,16149.7,13816.858469830024
2024-05-20,16279.7,13817.35786603185
2024-05-21,16238.2,13816.870776753829
2024-05-22,15964.7,13817.345862373504
2024-05-23,15625.0,13816.882484376836
2024-05-24,15621.9,13817.334442904406
2024-05-25,15614.0,13816.893621986712
2024-05-26,15655.1,13817.323579292955
2024-05-27,15757.3,13816.904217424162
2024-05-28,15833.2,13817.313244554784
2024-05-29,15681.5,13816.914297136853
2024-05-30,15711.1,13817.303412979765
2024-05-31,15614.4,13816.923886247463
2024-06-01,15596.2,13817.294060076145
2024-06-02,15580.9,13816.933008628448
2024-06-03,15767.2,13817.285162523876
2024-06-04,15598.7,13816.941686976423
2024-06-05,15802.1,13817.276698130743
2024-06-06,15934.3,13816.949942881252
2024-06-07,15361.0,13817.268645787359
2024-06-08,15378.5,13816.95779688756
2024-06-09,15466.7,13817.260985419745
2024-06-10,15458.5,13816.965268548662
2024-06-11,15544.7,13817.253697940003
2024-06-12,15574.0,13816.972376474278
2024-06-13,15449.7,13817.246765196553
2024-06-14,15637.3,13816.979138373923
2024-06-15,15606.4,13817.240169925597
2024-06-16,15608.1,13816.985571097652
2024-06-17,15555.3,13817.233895704972
2024-06-18,15618.3,13816.991690675335
2024-06-19,15629.0,13817.227926911108
2024-06-20,15823.1,13816.997512355027
2024-06-21,15569.2,13817.222248679102
2024-06-22,15532.1,13817.003050640482
2024-06-23,15536.4,13817.21684686569
2024-06-24,15637.6,13817.008319327617
2024-06-25,15568.9,13817.211708014576
2024-06-26,15411.4,13817.013331539581
2024-06-27,15603.2,13817.206819323683
2024-06-28,15593.3,13817.018099760202
2024-06-29,15593.3,13817.202168613945
2024-06-30,15557.2,13817.022635865658
2024-07-01,15635.4,13817.197744299418
2024-07-02,15622.2,13817.026951154368
2024-07-03,15804.6,13817.193535358594
2024-07-04,15808.9,13817.03105637521
2024-07-05,16005.5,13817.189531306936
2024-07-06,15987.8,13817.0349617542
2024-07-07,16042.4,13817.18572217061
2024-07-08,15829.9,13817.038677019798
2024-07-09,15852.2,13817.182098461471
2024-07-10,15897.7,13817.042211426975
2024-07-11,16195.8,13817.178651153275
2024-07-12,16139.1,13817.04557378014
2024-07-13,16113.9,13817.175371659108
2024-07-14,16127.9,13817.048772455018
2024-07-15,16214.9,13817.17225180996
2024-07-16,16561.9,13817.051815419503
2024-07-17,16483.4,13817.169283834388
2024-07-18,16379.4,13817.054710253524
2024-07-19,16077.7,13817.166460339196
2024-07-20,16049.7,13817.057464167978
2024-07-21,16049.7,13817.163774291055
2024-07-22,16057.1,13817.060084022718
2024-07-23,16143.2,13817.161218999014
2024-07-24,16075.0,13817.062576343676
2024-07-25,15851.3,13817.158788097851
2024-07-26,15994.0,13817.064947339122
2024-07-27,15976.8,13817.156475532232
2024-07-28,15976.8,13817.067202915136
2024-07-29,15989.7,13817.15427554161
2024-07-30,16173.1,13817.069348690302
2024-07-31,16428.9,13817.152182645874
2024-08-01,16429.5,13817.07139000971
2024-08-02,16409.0,13817.150191631692
2024-08-03,16407.7,13817.073331958254
2024-08-04,16266.2,13817.148297539512
2024-08-05,16173.1,13817.07517937329
2024-08-06,16060.2,13817.14649565121
2024-08-07,15990.0,13817.07693685669
2024-08-08,16284.6,13817.144781478331
2024-08-09,16316.2,13817.078608786307
2024-08-10,16315.6,13817.143150750915
2024-08-11,16296.0,13817.08019932687
2024-08-12,16590.8,13817.141599406857
2024-08-13,16537.0,13817.081712440373
2024-08-14,16419.8,13817.140123581794
2024-08-15,16478.4,13817.08315189594
2024-08-16,16823.4,13817.13871959948
2024-08-17,16752.4,13817.084521279216
2024-08-18,16766.5,13817.137383962627
2024-08-19,16787.7,13817.085824001299
2024-08-20,16826.0,13817.136113344197
2024-08-21,16852.8,13817.087063307235
2024-08-22,16673.8,13817.13490457911
2024-08-23,16843.7,13817.088242284106
2024-08-24,16854.3,13817.133754656366
2024-08-25,16743.7,13817.089363868716
2024-08-26,16881.6,13817.132660711537
2024-08-27,16920.7,13817.090430854902
2024-08-28,16793.2,13817.131620019632
2024-08-29,16939.4,13817.091445900502
2024-08-30,16778.5,13817.130629988316
2024-08-31,16784.9,13817.09241153397
2024-09-01,16805.4,13817.129688151446
2024-09-02,16801.0,13817.093330160673
2024-09-03,16724.3,13817.12879216293
2024-09-04,16715.3,13817.094204068888
2024-09-05,16880.2,13817.127939790882
2024-09-06,16742.0,13817.095035435497
2024-09-07,16768.3,13817.127128912065
2024-09-08,16764.7,13817.095826331415
2024-09-09,16818.1,13817.126357506599
2024-09-10,16891.2,13817.096578726741
2024-09-11,16845.9,13817.125623652933
2024-09-12,17157.8,13817.097294495677
2024-09-13,17311.1,13817.124925523058
2024-09-14,17287.9,13817.097975421182
2024-09-15,17307.4,13817.124261377947
2024-09-16,17318.5,13817.098623199427
2024-09-17,17243.9,13817.123629563233
2024-09-18,17138.5,13817.099239444007
2024-09-19,17335.7,13817.12302850508
2024-09-20,17539.9,13817.099825689977
2024-09-21,17539.9,13817.122456706269
2024-09-22,17507.0,13817.100383397657
2024-09-23,17589.6,13817.121912742463
2024-09-24,17777.2,13817.100913956285
2024-09-25,17776.1,13817.12139525866
2024-09-26,17869.0,13817.101418687469
2024-09-27,17740.8,13817.120902965826
2024-09-28,17740.8,13817.101898848483
2024-09-29,17735.0,13817.120434637667
2024-09-30,17613.2,13817.102355635394
2024-10-01,17795.6,13817.11998910759
2024-10-02,17767.8,13817.102790186045
2024-10-03,17757.7,13817.119565265792
2024-10-04,17720.7,13817.103203582894
2024-10-05,17790.3,13817.119162056491
2024-10-06,17790.3,13817.1035968557
2024-10-07,17656.6,13817.118778475307
2024-10-08,17528.1,13817.103970984099
2024-10-09,17435.9,13817.118413566746
2024-10-10,17587.7,13817.104326900031
2024-10-11,17759.0,13817.118066421832
2024-10-12,17765.4,13817.104665490078
2024-10-13,17765.7,13817.117736175835
2024-10-14,17717.4,13817.104987597657
2024-10-15,17807.8,13817.117422006118
2024-10-16,17876.9,13817.105294025128
2024-10-17,18006.5,13817.117123130094
2024-10-18,18191.5,13817.105585535797
2024-10-19,18191.5,13817.116838803271
2024-10-20,18191.5,13817.105862855808
2024-10-21,18180.9,13817.116568317397
2024-10-22,18380.3,13817.106126675959
2024-10-23,18155.6,13817.1163109987
2024-10-24,18299.8,13817.106377653421
2024-10-25,18386.6,13817.116066206205
2024-10-26,18400.3,13817.106616413372
2024-10-27,18400.3,13817.11583333014
2024-10-28,18370.9,13817.106843550555
2024-10-29,18555.1,13817.115611790416
2024-10-30,18654.7,13817.107059630764
2024-10-31,18350.3,13817.115401035182
2024-11-01,18285.2,13817.10726519225
2024-11-02,18272.2,13817.115200539454
2024-11-03,18272.2,13817.10746074706
2024-11-04,18305.5,13817.115009803802
2024-11-05,18358.8,13817.107646782317
2024-11-06,17792.4,13817.114828353107
2024-11-07,18125.9,13817.107823761431
2024-11-08,17967.0,13817.114655735382
2024-11-09,17968.8,13817.107992125251
2024-11-10,18046.0,13817.114491520637
2024-11-11,17529.2,13817.108152293167
2024-11-12,17393.0,13817.11433529982
2024-11-13,17229.5,13817.108304664154
2024-11-14,17177.7,13817.114186683788
2024-11-15,17126.1,13817.108449617765
2024-11-16,17184.4,13817.114045302342
2024-11-17,17184.4,13817.108587515073
2024-11-18,17464.7,13817.113910803304
2024-11-19,17606.6,13817.10871869958
2024-11-20,17735.7,13817.113782851642
2024-11-21,17873.1,13817.108843498063
2024-11-22,18138.4,13817.113661128633
2024-11-23,18138.4,13817.108962221391
2024-11-24,18138.4,13817.113545331064
2024-11-25,17571.7,13817.109075165301
2024-11-26,17603.6,13817.113435170488
2024-11-27,17639.6,13817.109182611133
2024-11-28,17650.7,13817.113330372498
2024-11-29,17749.0,13817.109284826533
2024-11-30,17712.5,13817.113230676045
2024-12-01,17712.5,13817.109382066115
2024-12-02,17651.5,13817.113135832788
2024-12-03,17686.4,13817.109474572104
2024-12-04,17722.6,13817.113045606473
2024-12-05,17605.5,13817.109562574926
